{"v":"5.7.3","fr":30,"ip":0,"op":120,"w":1296,"h":474,"nm":"404","ddd":0,"assets":[],"layers":[{"ddd":0,"ind":1,"ty":4,"nm":"1 Outlines","sr":1,"ks":{"o":{"a":0,"k":100,"ix":11},"r":{"a":0,"k":0,"ix":10},"p":{"a":0,"k":[367.786,410,0],"ix":2},"a":{"a":0,"k":[367.786,410,0],"ix":1},"s":{"a":1,"k":[{"i":{"x":[0.667,0.667,0.667],"y":[1,1,1]},"o":{"x":[0.333,0.333,0.333],"y":[0,0,0]},"t":0,"s":[100,0,100]},{"t":10,"s":[100,100,100]}],"ix":6}},"ao":0,"shapes":[{"ty":"gr","it":[{"ind":0,"ty":"sh","ix":1,"ks":{"a":0,"k":{"i":[[-3.314,0],[0,0],[0,-3.314],[0,0],[3.314,0],[0,0],[0,3.313],[0,0]],"o":[[0,0],[3.314,0],[0,0],[0,3.313],[0,0],[-3.314,0],[0,0],[0,-3.314]],"v":[[-36.327,-93.324],[36.327,-93.324],[42.327,-87.324],[42.327,87.324],[36.327,93.324],[-36.327,93.324],[-42.327,87.324],[-42.327,-87.324]],"c":true},"ix":2},"nm":"Path 1","mn":"ADBE Vector Shape - Group","hd":false},{"ty":"fl","c":{"a":0,"k":[0.929000016755,0.944999964097,0.961000031116,1],"ix":4},"o":{"a":0,"k":100,"ix":5},"r":1,"bm":0,"nm":"Fill 1","mn":"ADBE Vector Graphic - Fill","hd":false},{"ty":"tr","p":{"a":0,"k":[368.265,316.676],"ix":2},"a":{"a":0,"k":[0,0],"ix":1},"s":{"a":0,"k":[100,100],"ix":3},"r":{"a":0,"k":0,"ix":6},"o":{"a":0,"k":100,"ix":7},"sk":{"a":0,"k":0,"ix":4},"sa":{"a":0,"k":0,"ix":5},"nm":"Transform"}],"nm":"Group 1","np":2,"cix":2,"bm":0,"ix":1,"mn":"ADBE Vector Group","hd":false}],"ip":0,"op":120,"st":0,"bm":0},{"ddd":0,"ind":2,"ty":4,"nm":"red Outlines","sr":1,"ks":{"o":{"a":0,"k":100,"ix":11},"r":{"a":0,"k":0,"ix":10},"p":{"a":1,"k":[{"i":{"x":0.702,"y":1},"o":{"x":0.706,"y":0},"t":8,"s":[367.786,314.85,0],"to":[0,-28,0],"ti":[0,4.667,0]},{"i":{"x":0.743,"y":1},"o":{"x":0.797,"y":0},"t":23,"s":[367.786,146.85,0],"to":[0,-4.667,0],"ti":[0,-11.667,0]},{"i":{"x":0.234,"y":1},"o":{"x":0.333,"y":0},"t":30,"s":[367.786,286.85,0],"to":[0,11.667,0],"ti":[0,1,0]},{"i":{"x":0.667,"y":1},"o":{"x":0.786,"y":0},"t":35,"s":[367.786,216.85,0],"to":[0,-1,0],"ti":[0,-9,0]},{"i":{"x":0.667,"y":1},"o":{"x":0.631,"y":0},"t":38,"s":[367.786,280.85,0],"to":[0,9,0],"ti":[0,1,0]},{"i":{"x":0.667,"y":1},"o":{"x":0.849,"y":0},"t":40,"s":[367.786,270.85,0],"to":[0,-1,0],"ti":[0,-0.667,0]},{"t":42,"s":[367.786,274.85,0]}],"ix":2},"a":{"a":0,"k":[367.786,274.85,0],"ix":1},"s":{"a":1,"k":[{"i":{"x":[0.667,0.667,0.667],"y":[1,1,1]},"o":{"x":[0.333,0.333,0.333],"y":[0,0,0]},"t":8,"s":[0,0,100]},{"t":28,"s":[100,100,100]}],"ix":6}},"ao":0,"shapes":[{"ind":0,"ty":"sh","ix":1,"ks":{"a":0,"k":{"i":[[0,-45.757],[-45.757,0],[0,45.757],[45.757,0]],"o":[[0,45.757],[45.757,0],[0,-45.757],[-45.757,0]],"v":[[284.937,274.85],[367.787,357.7],[450.636,274.85],[367.787,192]],"c":true},"ix":2},"nm":"Path 2","mn":"ADBE Vector Shape - Group","hd":false},{"ty":"gf","o":{"a":0,"k":100,"ix":10},"r":1,"bm":0,"g":{"p":3,"k":{"a":0,"k":[0,0.929,0.314,0.314,0.5,0.937,0.384,0.384,1,0.945,0.455,0.455],"ix":9}},"s":{"a":0,"k":[0,0],"ix":5},"e":{"a":0,"k":[100,-100],"ix":6},"t":1,"nm":"Gradient Fill 1","mn":"ADBE Vector Graphic - G-Fill","hd":false}],"ip":0,"op":120,"st":0,"bm":0},{"ddd":0,"ind":3,"ty":4,"nm":"2 Outlines","sr":1,"ks":{"o":{"a":0,"k":100,"ix":11},"r":{"a":0,"k":0,"ix":10},"p":{"a":0,"k":[461.82,316.676,0],"ix":2},"a":{"a":0,"k":[461.82,316.676,0],"ix":1},"s":{"a":1,"k":[{"i":{"x":[0.667,0.667,0.667],"y":[1,1,1]},"o":{"x":[0.333,0.333,0.333],"y":[0,0,0]},"t":10,"s":[0,100,100]},{"t":20,"s":[100,100,100]}],"ix":6}},"ao":0,"shapes":[{"ty":"gr","it":[{"ind":0,"ty":"sh","ix":1,"ks":{"a":0,"k":{"i":[[0,0],[0,-3.314],[0,0],[3.314,0],[0,0],[0,3.314],[0,0]],"o":[[3.314,0],[0,0],[0,3.314],[0,0],[-3.314,0],[0,0],[0,0]],"v":[[142.91,-35.698],[148.91,-29.698],[148.91,29.698],[142.91,35.698],[-142.91,35.698],[-148.91,29.698],[-148.91,-35.698]],"c":true},"ix":2},"nm":"Path 1","mn":"ADBE Vector Shape - Group","hd":false},{"ty":"fl","c":{"a":0,"k":[0.929000016755,0.944999964097,0.961000031116,1],"ix":4},"o":{"a":0,"k":100,"ix":5},"r":1,"bm":0,"nm":"Fill 1","mn":"ADBE Vector Graphic - Fill","hd":false},{"ty":"tr","p":{"a":0,"k":[312.91,313.107],"ix":2},"a":{"a":0,"k":[0,0],"ix":1},"s":{"a":0,"k":[100,100],"ix":3},"r":{"a":0,"k":0,"ix":6},"o":{"a":0,"k":100,"ix":7},"sk":{"a":0,"k":0,"ix":4},"sa":{"a":0,"k":0,"ix":5},"nm":"Transform"}],"nm":"Group 1","np":2,"cix":2,"bm":0,"ix":1,"mn":"ADBE Vector Group","hd":false}],"ip":0,"op":120,"st":0,"bm":0},{"ddd":0,"ind":4,"ty":4,"nm":"green-1 Outlines","parent":5,"sr":1,"ks":{"o":{"a":0,"k":100,"ix":11},"r":{"a":0,"k":0,"ix":10},"p":{"a":1,"k":[{"i":{"x":0.667,"y":1},"o":{"x":0.333,"y":0},"t":23,"s":[375.063,39.549,0],"to":[-8.938,15.296,0],"ti":[8.938,-15.296,0]},{"t":32,"s":[321.438,131.323,0]}],"ix":2},"a":{"a":0,"k":[321.438,131.323,0],"ix":1},"s":{"a":1,"k":[{"i":{"x":[0.667,0.667,0.667],"y":[1,1,1]},"o":{"x":[0.333,0.333,0.333],"y":[0,0,0]},"t":19,"s":[100,0,100]},{"t":26,"s":[100,100,100]}],"ix":6}},"ao":0,"shapes":[{"ty":"gr","it":[{"ind":0,"ty":"sh","ix":1,"ks":{"a":0,"k":{"i":[[0,0],[1.504,-2.079],[0,0],[0,0],[0,0],[3.239,0]],"o":[[-2.566,0],[0,0],[0,0],[0,0],[1.861,-2.651],[0,0]],"v":[[-26.458,-19.771],[-32.939,-16.461],[-59.156,19.771],[33.947,19.771],[57.296,-13.472],[54.023,-19.771]],"c":true},"ix":2},"nm":"Path 2","mn":"ADBE Vector Shape - Group","hd":false},{"ty":"gf","o":{"a":0,"k":100,"ix":10},"r":1,"bm":0,"g":{"p":3,"k":{"a":0,"k":[0,0.322,0.659,0.545,0.5,0.294,0.604,0.5,1,0.267,0.549,0.455],"ix":9}},"s":{"a":0,"k":[32.047,-24.068],"ix":5},"e":{"a":0,"k":[-17.809,19.633],"ix":6},"t":1,"nm":"Gradient Fill 1","mn":"ADBE Vector Graphic - G-Fill","hd":false},{"ty":"tr","p":{"a":0,"k":[328.703,111.552],"ix":2},"a":{"a":0,"k":[0,0],"ix":1},"s":{"a":0,"k":[100,100],"ix":3},"r":{"a":0,"k":0,"ix":6},"o":{"a":0,"k":100,"ix":7},"sk":{"a":1,"k":[{"i":{"x":[0.667],"y":[1]},"o":{"x":[0.333],"y":[0]},"t":19,"s":[-36]},{"t":26,"s":[0]}],"ix":4},"sa":{"a":0,"k":0,"ix":5},"nm":"Transform"}],"nm":"Group 1","np":2,"cix":2,"bm":0,"ix":1,"mn":"ADBE Vector Group","hd":false}],"ip":0,"op":120,"st":0,"bm":0},{"ddd":0,"ind":5,"ty":4,"nm":"3 Outlines","sr":1,"ks":{"o":{"a":0,"k":100,"ix":11},"r":{"a":0,"k":0,"ix":10},"p":{"a":0,"k":[217.383,277.409,0],"ix":2},"a":{"a":0,"k":[217.383,277.409,0],"ix":1},"s":{"a":1,"k":[{"i":{"x":[0.667,0.667,0.667],"y":[1,1,1]},"o":{"x":[0.333,0.333,0.333],"y":[0,0,0]},"t":5,"s":[100,0,100]},{"t":15,"s":[100,100,100]}],"ix":6}},"ao":0,"shapes":[{"ty":"gr","it":[{"ind":0,"ty":"sh","ix":1,"ks":{"a":0,"k":{"i":[[3.233,0],[0,0],[1.504,-2.081],[0,0],[0,0],[0,0]],"o":[[0,0],[-2.568,0],[0,0],[0,0],[0,0],[1.85,-2.652]],"v":[[106.816,-92.814],[26.27,-92.814],[19.786,-89.5],[-111.945,92.814],[-15.047,92.814],[110.096,-86.525]],"c":true},"ix":2},"nm":"Path 1","mn":"ADBE Vector Shape - Group","hd":false},{"ty":"fl","c":{"a":0,"k":[0.929000016755,0.944999964097,0.961000031116,1],"ix":4},"o":{"a":0,"k":100,"ix":5},"r":1,"bm":0,"nm":"Fill 1","mn":"ADBE Vector Graphic - Fill","hd":false},{"ty":"tr","p":{"a":0,"k":[213.375,273.72],"ix":2},"a":{"a":0,"k":[-62.57,89.125],"ix":1},"s":{"a":0,"k":[100,100],"ix":3},"r":{"a":0,"k":0,"ix":6},"o":{"a":0,"k":100,"ix":7},"sk":{"a":1,"k":[{"i":{"x":[0.667],"y":[1]},"o":{"x":[0.333],"y":[0]},"t":5,"s":[-35]},{"t":15,"s":[0]}],"ix":4},"sa":{"a":0,"k":0,"ix":5},"nm":"Transform"}],"nm":"Group 1","np":2,"cix":2,"bm":0,"ix":1,"mn":"ADBE Vector Group","hd":false}],"ip":0,"op":120,"st":0,"bm":0},{"ddd":0,"ind":6,"ty":4,"nm":"blue-ball Outlines","parent":7,"sr":1,"ks":{"o":{"a":0,"k":100,"ix":11},"r":{"a":0,"k":0,"ix":10},"p":{"a":1,"k":[{"i":{"x":0.667,"y":1},"o":{"x":0.333,"y":0},"t":0,"s":[783.75,64.25,0],"to":[-43.809,-0.065,0],"ti":[5.138,0.035,0]},{"i":{"x":0.667,"y":1},"o":{"x":0.333,"y":0},"t":19,"s":[520.896,63.862,0],"to":[-5.138,-0.035,0],"ti":[-5.585,-0.016,0]},{"i":{"x":0.667,"y":1},"o":{"x":0.333,"y":0},"t":34,"s":[752.921,64.039,0],"to":[5.585,0.016,0],"ti":[5.59,0.015,0]},{"i":{"x":0.667,"y":1},"o":{"x":0.333,"y":0},"t":55,"s":[554.408,63.959,0],"to":[-5.59,-0.015,0],"ti":[-9.696,-0.014,0]},{"i":{"x":0.667,"y":1},"o":{"x":0.333,"y":0},"t":79,"s":[719.383,63.95,0],"to":[9.696,0.014,0],"ti":[-10.728,-0.05,0]},{"i":{"x":0.667,"y":1},"o":{"x":0.333,"y":0},"t":99,"s":[612.584,64.04,0],"to":[10.728,0.05,0],"ti":[-28.528,-0.035,0]},{"t":119,"s":[783.75,64.25,0]}],"ix":2},"a":{"a":0,"k":[783.75,64.25,0],"ix":1},"s":{"a":0,"k":[100,100,100],"ix":6}},"ao":0,"shapes":[{"ind":0,"ty":"sh","ix":1,"ks":{"a":0,"k":{"i":[[0,-13.531],[-13.53,0],[0,13.531],[13.532,0]],"o":[[0,13.531],[13.532,0],[0,-13.531],[-13.53,0]],"v":[[758.938,64.5],[783.437,89],[807.937,64.5],[783.437,40]],"c":true},"ix":2},"nm":"Path 2","mn":"ADBE Vector Shape - Group","hd":false},{"ty":"gf","o":{"a":0,"k":100,"ix":10},"r":1,"bm":0,"g":{"p":3,"k":{"a":0,"k":[0,0.247,0.498,0.792,0.5,0.31,0.539,0.81,1,0.373,0.58,0.827],"ix":9}},"s":{"a":0,"k":[0,0],"ix":5},"e":{"a":0,"k":[10,-70],"ix":6},"t":1,"nm":"Gradient Fill 1","mn":"ADBE Vector Graphic - G-Fill","hd":false}],"ip":0,"op":120,"st":0,"bm":0},{"ddd":0,"ind":7,"ty":4,"nm":"line Outlines","sr":1,"ks":{"o":{"a":0,"k":100,"ix":11},"r":{"a":1,"k":[{"i":{"x":[0.667],"y":[1]},"o":{"x":[0.333],"y":[0]},"t":0,"s":[0]},{"i":{"x":[0.667],"y":[1]},"o":{"x":[0.333],"y":[0]},"t":15,"s":[-10]},{"i":{"x":[0.667],"y":[1]},"o":{"x":[0.333],"y":[0]},"t":30,"s":[8]},{"i":{"x":[0.667],"y":[1]},"o":{"x":[0.333],"y":[0]},"t":51,"s":[-5]},{"i":{"x":[0.667],"y":[1]},"o":{"x":[0.333],"y":[0]},"t":75,"s":[3]},{"i":{"x":[0.667],"y":[1]},"o":{"x":[0.333],"y":[0]},"t":100,"s":[-2]},{"t":120,"s":[0]}],"ix":10},"p":{"a":0,"k":[647.301,91.624,0],"ix":2},"a":{"a":0,"k":[647.301,91.624,0],"ix":1},"s":{"a":0,"k":[100,100,100],"ix":6}},"ao":0,"shapes":[{"ty":"gr","it":[{"ind":0,"ty":"sh","ix":1,"ks":{"a":0,"k":{"i":[[0,0],[0,0]],"o":[[0,0],[0,0]],"v":[[487.938,90],[805.938,90]],"c":false},"ix":2},"nm":"Path 1","mn":"ADBE Vector Shape - Group","hd":false},{"ty":"st","c":{"a":0,"k":[0.340999977261,0.375999989229,0.442999985639,1],"ix":3},"o":{"a":0,"k":100,"ix":4},"w":{"a":0,"k":3,"ix":5},"lc":2,"lj":1,"ml":4,"bm":0,"nm":"Stroke 1","mn":"ADBE Vector Graphic - Stroke","hd":false},{"ty":"tr","p":{"a":0,"k":[0,0],"ix":2},"a":{"a":0,"k":[0,0],"ix":1},"s":{"a":0,"k":[100,100],"ix":3},"r":{"a":0,"k":0,"ix":6},"o":{"a":0,"k":100,"ix":7},"sk":{"a":0,"k":0,"ix":4},"sa":{"a":0,"k":0,"ix":5},"nm":"Transform"}],"nm":"Group 1","np":2,"cix":2,"bm":0,"ix":1,"mn":"ADBE Vector Group","hd":false}],"ip":0,"op":120,"st":0,"bm":0},{"ddd":0,"ind":8,"ty":4,"nm":"0 Outlines","sr":1,"ks":{"o":{"a":0,"k":100,"ix":11},"r":{"a":1,"k":[{"i":{"x":[0.511],"y":[1.793]},"o":{"x":[0.32],"y":[0]},"t":0,"s":[180]},{"i":{"x":[0.826],"y":[1]},"o":{"x":[0.167],"y":[0]},"t":15,"s":[0]},{"i":{"x":[0.171],"y":[1]},"o":{"x":[0.49],"y":[-0.672]},"t":98,"s":[0]},{"t":120,"s":[-180]}],"ix":10},"p":{"a":0,"k":[646.938,250.755,0],"ix":2},"a":{"a":0,"k":[646.938,250.755,0],"ix":1},"s":{"a":0,"k":[100,100,100],"ix":6}},"ao":0,"shapes":[{"ty":"gr","it":[{"ind":0,"ty":"sh","ix":1,"ks":{"a":0,"k":{"i":[[0,0],[-10.947,-23.487],[-20.202,-12.241],[-27.766,0],[0,0],[7.365,6.47],[4.18,13.336],[0,20.998]],"o":[[-0.1,33.538],[10.947,23.486],[20.203,12.339],[0,0],[-9.554,0],[-7.364,-6.369],[-4.18,-13.336],[0,0]],"v":[[-67.424,-78.819],[-51.153,6.718],[-4.429,60.309],[67.524,78.819],[67.524,11.942],[42.146,2.239],[24.83,-27.318],[18.56,-78.819]],"c":true},"ix":2},"nm":"Path 2","mn":"ADBE Vector Shape - Group","hd":false},{"ty":"gf","o":{"a":0,"k":100,"ix":10},"r":1,"bm":0,"g":{"p":3,"k":{"a":0,"k":[0,0.247,0.498,0.792,0.5,0.31,0.539,0.81,1,0.373,0.58,0.827],"ix":9}},"s":{"a":0,"k":[-20.508,54.957],"ix":5},"e":{"a":0,"k":[7.809,-75.742],"ix":6},"t":1,"nm":"Gradient Fill 1","mn":"ADBE Vector Graphic - G-Fill","hd":false},{"ty":"tr","p":{"a":0,"k":[579.781,331.067],"ix":2},"a":{"a":0,"k":[0,0],"ix":1},"s":{"a":0,"k":[100,100],"ix":3},"r":{"a":0,"k":0,"ix":6},"o":{"a":0,"k":100,"ix":7},"sk":{"a":0,"k":0,"ix":4},"sa":{"a":0,"k":0,"ix":5},"nm":"Transform"}],"nm":"Group 1","np":2,"cix":2,"bm":0,"ix":1,"mn":"ADBE Vector Group","hd":false},{"ty":"gr","it":[{"ind":0,"ty":"sh","ix":1,"ks":{"a":0,"k":{"i":[[-9.554,0],[-9.156,14.927],[0.1,32.145],[4.179,13.336],[7.365,6.369],[9.555,0],[9.057,-14.53],[0.2,-31.448],[-4.18,-13.833],[-7.364,-6.567]],"o":[[14.331,0],[9.255,-15.028],[0,-20.998],[-4.179,-13.335],[-7.363,-6.469],[-14.331,0],[-9.056,14.529],[-0.099,21.397],[4.18,13.734],[7.464,6.569]],"v":[[0,91.657],[35.23,69.266],[48.963,-1.493],[42.694,-52.994],[25.377,-82.551],[0,-92.254],[-35.081,-70.459],[-48.964,-1.493],[-42.843,51.352],[-25.527,81.804]],"c":true},"ix":2},"nm":"Path 1","mn":"ADBE Vector Shape - Group","hd":false},{"ind":1,"ty":"sh","ix":2,"ks":{"a":0,"k":{"i":[[27.767,0],[20.202,12.739],[10.947,23.985],[-0.1,33.538],[-10.848,23.487],[-20.103,12.241],[-27.766,0],[-20.202,-12.341],[-10.949,-23.487],[0.099,-33.538],[10.948,-23.984],[20.202,-12.739]],"o":[[-27.766,-0.099],[-20.203,-12.738],[-10.947,-23.985],[0.099,-33.637],[10.947,-23.486],[20.202,-12.24],[27.767,0],[20.203,12.24],[10.946,23.486],[0,33.737],[-10.947,23.984],[-20.103,12.639]],"v":[[0,159.131],[-71.952,139.874],[-118.677,84.79],[-134.948,-1.493],[-118.527,-87.179],[-71.952,-140.77],[0,-159.131],[71.952,-140.62],[118.678,-87.029],[134.948,-1.493],[118.527,85.089],[71.803,140.173]],"c":true},"ix":2},"nm":"Path 2","mn":"ADBE Vector Shape - Group","hd":false},{"ty":"mm","mm":1,"nm":"Merge Paths 1","mn":"ADBE Vector Filter - Merge","hd":false},{"ty":"fl","c":{"a":0,"k":[0.929000016755,0.944999964097,0.961000031116,1],"ix":4},"o":{"a":0,"k":100,"ix":5},"r":1,"bm":0,"nm":"Fill 1","mn":"ADBE Vector Graphic - Fill","hd":false},{"ty":"tr","p":{"a":0,"k":[647.3,250.755],"ix":2},"a":{"a":0,"k":[0,0],"ix":1},"s":{"a":0,"k":[100,100],"ix":3},"r":{"a":0,"k":0,"ix":6},"o":{"a":0,"k":100,"ix":7},"sk":{"a":0,"k":0,"ix":4},"sa":{"a":0,"k":0,"ix":5},"nm":"Transform"}],"nm":"Group 2","np":4,"cix":2,"bm":0,"ix":2,"mn":"ADBE Vector Group","hd":false}],"ip":0,"op":120,"st":0,"bm":0},{"ddd":0,"ind":9,"ty":4,"nm":"yel-square Outlines","sr":1,"ks":{"o":{"a":0,"k":100,"ix":11},"r":{"a":1,"k":[{"i":{"x":[0.667],"y":[1]},"o":{"x":[0.333],"y":[0]},"t":20,"s":[0]},{"i":{"x":[0.598],"y":[1]},"o":{"x":[0.333],"y":[0]},"t":30,"s":[-55]},{"i":{"x":[0],"y":[1]},"o":{"x":[0.198],"y":[0]},"t":40,"s":[0]},{"i":{"x":[0.398],"y":[1.495]},"o":{"x":[0.333],"y":[0]},"t":52,"s":[45]},{"t":58,"s":[0]}],"ix":10},"p":{"a":1,"k":[{"i":{"x":0.667,"y":1},"o":{"x":0.627,"y":0},"t":20,"s":[1008.353,90.804,0],"to":[-26.189,26.989,0],"ti":[20.93,-30.674,0]},{"i":{"x":0.667,"y":1},"o":{"x":0.817,"y":0},"t":30,"s":[851.216,252.738,0],"to":[-20.93,30.674,0],"ti":[-7.856,-16.011,0]},{"i":{"x":0.667,"y":1},"o":{"x":0.333,"y":0},"t":32,"s":[882.773,274.85,0],"to":[7.856,16.011,0],"ti":[-5.735,-12.326,0]},{"i":{"x":0.667,"y":1},"o":{"x":0.333,"y":0},"t":40,"s":[898.353,348.804,0],"to":[11.235,0.326,0],"ti":[-3.138,0,0]},{"t":42,"s":[917.182,348.804,0]}],"ix":2},"a":{"a":1,"k":[{"i":{"x":0.667,"y":1},"o":{"x":0.333,"y":0},"t":30,"s":[898.365,310.271,0],"to":[-0.002,6.422,0],"ti":[0.002,-6.422,0]},{"i":{"x":0.667,"y":0.667},"o":{"x":0.333,"y":0.333},"t":32,"s":[898.353,348.804,0],"to":[0,0,0],"ti":[0,0,0]},{"i":{"x":0.667,"y":1},"o":{"x":0.333,"y":0},"t":40,"s":[898.353,348.804,0],"to":[3.138,0,0],"ti":[-3.138,0,0]},{"t":42,"s":[917.182,348.804,0]}],"ix":1},"s":{"a":1,"k":[{"i":{"x":[0.667,0.667,0.667],"y":[1,1,1]},"o":{"x":[0.333,0.333,0.333],"y":[0,0,0]},"t":18,"s":[0,0,100]},{"t":20,"s":[100,100,100]}],"ix":6}},"ao":0,"shapes":[{"ty":"gr","it":[{"ind":0,"ty":"sh","ix":1,"ks":{"a":0,"k":{"i":[[0,0],[0,-2.209],[0,0],[-2.211,0],[0,0],[0,2.209],[0,0],[2.211,0]],"o":[[-2.211,0],[0,0],[0,2.209],[0,0],[2.211,0],[0,0],[0,-2.209],[0,0]],"v":[[-14.829,-18.83],[-18.83,-14.829],[-18.83,14.83],[-14.829,18.83],[14.828,18.83],[18.829,14.83],[18.829,-14.829],[14.828,-18.83]],"c":true},"ix":2},"nm":"Path 2","mn":"ADBE Vector Shape - Group","hd":false},{"ty":"gf","o":{"a":0,"k":100,"ix":10},"r":1,"bm":0,"g":{"p":3,"k":{"a":0,"k":[0,0.945,0.839,0.455,0.5,0.937,0.818,0.384,1,0.929,0.796,0.314],"ix":9}},"s":{"a":0,"k":[11.189,-19.018],"ix":5},"e":{"a":0,"k":[-7.447,18.373],"ix":6},"t":1,"nm":"Gradient Fill 1","mn":"ADBE Vector Graphic - G-Fill","hd":false},{"ty":"tr","p":{"a":0,"k":[898.353,329.974],"ix":2},"a":{"a":0,"k":[0,0],"ix":1},"s":{"a":0,"k":[100,100],"ix":3},"r":{"a":0,"k":0,"ix":6},"o":{"a":0,"k":100,"ix":7},"sk":{"a":0,"k":0,"ix":4},"sa":{"a":0,"k":0,"ix":5},"nm":"Transform"}],"nm":"Group 1","np":2,"cix":2,"bm":0,"ix":1,"mn":"ADBE Vector Group","hd":false}],"ip":0,"op":120,"st":0,"bm":0},{"ddd":0,"ind":10,"ty":4,"nm":"green-rec Outlines","parent":11,"sr":1,"ks":{"o":{"a":0,"k":100,"ix":11},"r":{"a":0,"k":0,"ix":10},"p":{"a":1,"k":[{"i":{"x":0.343,"y":1},"o":{"x":0.342,"y":0},"t":10,"s":[1059.58,440,0],"to":[0,-7.333,0],"ti":[0,5,0]},{"i":{"x":0.667,"y":1},"o":{"x":0.775,"y":0},"t":23,"s":[1059.58,396,0],"to":[0,-5,0],"ti":[0,-2.333,0]},{"t":28,"s":[1059.58,410,0]}],"ix":2},"a":{"a":0,"k":[1059.58,410,0],"ix":1},"s":{"a":1,"k":[{"i":{"x":[0.667,0.667,0.667],"y":[1,1,1]},"o":{"x":[0.333,0.333,0.333],"y":[0,0,0]},"t":7,"s":[100,0,100]},{"t":20,"s":[100,100,100]}],"ix":6}},"ao":0,"shapes":[{"ty":"gr","it":[{"ind":0,"ty":"sh","ix":1,"ks":{"a":0,"k":{"i":[[0,0],[0,0],[0,0],[0,2.761],[0,0],[2.759,0]],"o":[[0,0],[0,0],[2.759,0],[0,0],[0,-2.762],[0,0]],"v":[[-20.95,-93.206],[-20.95,93.206],[15.951,93.206],[20.95,88.206],[20.95,-88.206],[15.951,-93.206]],"c":true},"ix":2},"nm":"Path 2","mn":"ADBE Vector Shape - Group","hd":false},{"ty":"gf","o":{"a":0,"k":100,"ix":10},"r":1,"bm":0,"g":{"p":3,"k":{"a":0,"k":[0,0.322,0.659,0.545,0.5,0.294,0.604,0.5,1,0.267,0.549,0.455],"ix":9}},"s":{"a":0,"k":[21.924,-94.332],"ix":5},"e":{"a":0,"k":[-15.949,80],"ix":6},"t":1,"nm":"Gradient Fill 1","mn":"ADBE Vector Graphic - G-Fill","hd":false},{"ty":"tr","p":{"a":0,"k":[1059.58,316.794],"ix":2},"a":{"a":0,"k":[0,0],"ix":1},"s":{"a":0,"k":[100,100],"ix":3},"r":{"a":0,"k":0,"ix":6},"o":{"a":0,"k":100,"ix":7},"sk":{"a":0,"k":0,"ix":4},"sa":{"a":0,"k":0,"ix":5},"nm":"Transform"}],"nm":"Group 1","np":2,"cix":2,"bm":0,"ix":1,"mn":"ADBE Vector Group","hd":false}],"ip":0,"op":120,"st":0,"bm":0},{"ddd":0,"ind":11,"ty":4,"nm":"11 Outlines","sr":1,"ks":{"o":{"a":0,"k":100,"ix":11},"r":{"a":0,"k":0,"ix":10},"p":{"a":0,"k":[1038.63,410,0],"ix":2},"a":{"a":0,"k":[1038.63,410,0],"ix":1},"s":{"a":1,"k":[{"i":{"x":[0.667,0.667,0.667],"y":[1,1,1]},"o":{"x":[0.333,0.333,0.333],"y":[0,0,0]},"t":0,"s":[100,0,100]},{"t":10,"s":[100,100,100]}],"ix":6}},"ao":0,"shapes":[{"ty":"gr","it":[{"ind":0,"ty":"sh","ix":1,"ks":{"a":0,"k":{"i":[[-2.762,0],[0,0],[0,-2.761],[0,0],[2.761,0],[0,0],[0,2.762],[0,0]],"o":[[0,0],[2.761,0],[0,0],[0,2.762],[0,0],[-2.762,0],[0,0],[0,-2.761]],"v":[[-37.327,-93.324],[37.327,-93.324],[42.327,-88.324],[42.327,88.324],[37.327,93.324],[-37.327,93.324],[-42.327,88.324],[-42.327,-88.324]],"c":true},"ix":2},"nm":"Path 1","mn":"ADBE Vector Shape - Group","hd":false},{"ty":"fl","c":{"a":0,"k":[0.929000016755,0.944999964097,0.961000031116,1],"ix":4},"o":{"a":0,"k":100,"ix":5},"r":1,"bm":0,"nm":"Fill 1","mn":"ADBE Vector Graphic - Fill","hd":false},{"ty":"tr","p":{"a":0,"k":[1037.889,316.676],"ix":2},"a":{"a":0,"k":[0,0],"ix":1},"s":{"a":0,"k":[100,100],"ix":3},"r":{"a":0,"k":0,"ix":6},"o":{"a":0,"k":100,"ix":7},"sk":{"a":0,"k":0,"ix":4},"sa":{"a":0,"k":0,"ix":5},"nm":"Transform"}],"nm":"Group 1","np":2,"cix":2,"bm":0,"ix":1,"mn":"ADBE Vector Group","hd":false}],"ip":0,"op":120,"st":0,"bm":0},{"ddd":0,"ind":12,"ty":4,"nm":"22 Outlines","sr":1,"ks":{"o":{"a":0,"k":100,"ix":11},"r":{"a":0,"k":0,"ix":10},"p":{"a":0,"k":[1131.21,316.676,0],"ix":2},"a":{"a":0,"k":[1131.21,316.676,0],"ix":1},"s":{"a":1,"k":[{"i":{"x":[0.667,0.667,0.667],"y":[1,1,1]},"o":{"x":[0.333,0.333,0.333],"y":[0,0,0]},"t":10,"s":[0,100,100]},{"t":20,"s":[100,100,100]}],"ix":6}},"ao":0,"shapes":[{"ty":"gr","it":[{"ind":0,"ty":"sh","ix":1,"ks":{"a":0,"k":{"i":[[0,0],[0,0],[3.31,0],[0,0],[0,3.314],[0,0]],"o":[[0,0],[0,3.314],[0,0],[-3.314,0],[0,0],[0,0]],"v":[[148.91,-35.698],[148.91,29.698],[142.91,35.698],[-142.909,35.698],[-148.909,29.698],[-148.909,-35.698]],"c":true},"ix":2},"nm":"Path 1","mn":"ADBE Vector Shape - Group","hd":false},{"ty":"fl","c":{"a":0,"k":[0.929000016755,0.944999964097,0.961000031116,1],"ix":4},"o":{"a":0,"k":100,"ix":5},"r":1,"bm":0,"nm":"Fill 1","mn":"ADBE Vector Graphic - Fill","hd":false},{"ty":"tr","p":{"a":0,"k":[982.3,313.107],"ix":2},"a":{"a":0,"k":[0,0],"ix":1},"s":{"a":0,"k":[100,100],"ix":3},"r":{"a":0,"k":0,"ix":6},"o":{"a":0,"k":100,"ix":7},"sk":{"a":0,"k":0,"ix":4},"sa":{"a":0,"k":0,"ix":5},"nm":"Transform"}],"nm":"Group 1","np":2,"cix":2,"bm":0,"ix":1,"mn":"ADBE Vector Group","hd":false}],"ip":0,"op":120,"st":0,"bm":0},{"ddd":0,"ind":13,"ty":4,"nm":"33 Outlines","sr":1,"ks":{"o":{"a":0,"k":100,"ix":11},"r":{"a":0,"k":0,"ix":10},"p":{"a":0,"k":[882.773,274.85,0],"ix":2},"a":{"a":0,"k":[882.773,274.85,0],"ix":1},"s":{"a":1,"k":[{"i":{"x":[0.667,0.667,0.667],"y":[1,1,1]},"o":{"x":[0.333,0.333,0.333],"y":[0,0,0]},"t":6,"s":[100,0,100]},{"t":16,"s":[100,100,100]}],"ix":6}},"ao":0,"shapes":[{"ty":"gr","it":[{"ind":0,"ty":"sh","ix":1,"ks":{"a":0,"k":{"i":[[3.229,0],[0,0],[1.505,-2.082],[0,0],[0,0],[0,0]],"o":[[0,0],[-2.568,0],[0,0],[0,0],[0,0],[1.851,-2.651]],"v":[[106.815,-92.814],[26.271,-92.814],[19.786,-89.499],[-111.945,92.814],[-15.046,92.814],[110.094,-86.525]],"c":true},"ix":2},"nm":"Path 1","mn":"ADBE Vector Shape - Group","hd":false},{"ty":"fl","c":{"a":0,"k":[0.929000016755,0.944999964097,0.961000031116,1],"ix":4},"o":{"a":0,"k":100,"ix":5},"r":1,"bm":0,"nm":"Fill 1","mn":"ADBE Vector Graphic - Fill","hd":false},{"ty":"tr","p":{"a":0,"k":[881.252,277.265],"ix":2},"a":{"a":0,"k":[-64.083,92.67],"ix":1},"s":{"a":0,"k":[100,100],"ix":3},"r":{"a":0,"k":0,"ix":6},"o":{"a":0,"k":100,"ix":7},"sk":{"a":1,"k":[{"i":{"x":[0.667],"y":[1]},"o":{"x":[0.333],"y":[0]},"t":6,"s":[-35]},{"t":16,"s":[0]}],"ix":4},"sa":{"a":0,"k":0,"ix":5},"nm":"Transform"}],"nm":"Group 1","np":2,"cix":2,"bm":0,"ix":1,"mn":"ADBE Vector Group","hd":false}],"ip":0,"op":120,"st":0,"bm":0},{"ddd":0,"ind":14,"ty":4,"nm":"yel-ball Outlines","sr":1,"ks":{"o":{"a":0,"k":100,"ix":11},"r":{"a":1,"k":[{"i":{"x":[0.195],"y":[1.624]},"o":{"x":[0.456],"y":[-0.354]},"t":40,"s":[90]},{"t":59,"s":[0]}],"ix":10},"p":{"a":1,"k":[{"i":{"x":0.667,"y":1},"o":{"x":0.333,"y":0},"t":17,"s":[1131.21,347.159,0],"to":[0,-11.625,0],"ti":[0,11.625,0]},{"t":31,"s":[1131.21,277.409,0]}],"ix":2},"a":{"a":0,"k":[1131.21,277.409,0],"ix":1},"s":{"a":1,"k":[{"i":{"x":[0.652,0.605,0.667],"y":[1,1,1]},"o":{"x":[0.333,0.333,0.333],"y":[0,0,0]},"t":30,"s":[100,0,100]},{"t":40,"s":[100,100,100]}],"ix":6}},"ao":0,"shapes":[{"ty":"gr","it":[{"ind":0,"ty":"sh","ix":1,"ks":{"a":0,"k":{"i":[[0.122,-37.364],[0,0],[37.439,0.123],[0.073,0]],"o":[[0,0],[0.118,-37.436],[-0.073,0],[-37.337,-0.001]],"v":[[-67.773,33.66],[67.656,34.129],[-0.495,-34.128],[-0.716,-34.128]],"c":true},"ix":2},"nm":"Path 2","mn":"ADBE Vector Shape - Group","hd":false},{"ty":"gf","o":{"a":0,"k":100,"ix":10},"r":1,"bm":0,"g":{"p":3,"k":{"a":0,"k":[0,0.945,0.839,0.455,0.5,0.937,0.818,0.384,1,0.929,0.796,0.314],"ix":9}},"s":{"a":0,"k":[17.205,-34.273],"ix":5},"e":{"a":0,"k":[-17.461,34.279],"ix":6},"t":1,"nm":"Gradient Fill 1","mn":"ADBE Vector Graphic - G-Fill","hd":false},{"ty":"tr","p":{"a":0,"k":[1063.575,243.344],"ix":2},"a":{"a":0,"k":[0,0],"ix":1},"s":{"a":0,"k":[100,100],"ix":3},"r":{"a":0,"k":0,"ix":6},"o":{"a":0,"k":100,"ix":7},"sk":{"a":0,"k":0,"ix":4},"sa":{"a":0,"k":0,"ix":5},"nm":"Transform"}],"nm":"Group 1","np":2,"cix":2,"bm":0,"ix":1,"mn":"ADBE Vector Group","hd":false}],"ip":0,"op":120,"st":0,"bm":0}],"markers":[]}